timestamp,context,years_bucket,relationship,traits_raw,traits_list,traits_text
2025-11-16 13:44:48.618,Home,7+,Close friends,"Outgoing, spontaneous, adventurous","['Outgoing', 'spontaneous', 'adventurous']","Outgoing, spontaneous, adventurous"
2025-11-16 13:46:40.510,Northwestern,1-3,Close friends,"Wise, Performative, Perceptive, Disciplined, Naturally talented, crash out","['Wise', 'Performative', 'Perceptive', 'Disciplined', 'Naturally talented', 'crash out']","Wise, Performative, Perceptive, Disciplined, Naturally talented, crash out"
2025-11-16 14:02:20.597,Home,1-3,Close friends,"Open-minded, realist, opinionated","['Open-minded', 'realist', 'opinionated']","Open-minded, realist, opinionated"
2025-11-16 14:18:42.846,Home,7+,Same large friend group / teammates / coworkers,"Irrepressible, upbeat, active, focused","['Irrepressible', 'upbeat', 'active', 'focused']","Irrepressible, upbeat, active, focused"
2025-11-16 14:40:26.026,Home,7+,Close friends,"Sexy beast, music, does things","['Sexy beast', 'music', 'does things']","Sexy beast, music, does things"
2025-11-16 15:09:30.992,Home,7+,Close friends,"Loyal, thinker, intelligent","['Loyal', 'thinker', 'intelligent']","Loyal, thinker, intelligent"
2025-11-16 15:13:02.105,Wisconsin,1-3,Close friends,"Hardworking, creative, intelligent, kind","['Hardworking', 'creative', 'intelligent', 'kind']","Hardworking, creative, intelligent, kind"
2025-11-16 15:22:43.138,Wisconsin,4-6,Close friends,"Intelligent, creative, supportive ","['Intelligent', 'creative', 'supportive']","Intelligent, creative, supportive"
2025-11-16 15:23:45.796,Northwestern,1-3,Same large friend group / teammates / coworkers,"creative, fun, stylish","['creative', 'fun', 'stylish']","creative, fun, stylish"
2025-11-16 15:25:55.273,Northwestern,1-3,Hung out 1–1 a decent amount,"Resilient, emotionally mature, passionate (about the things you choose to care about)","['Resilient', 'emotionally mature', 'passionate (about the things you choose to care about)']","Resilient, emotionally mature, passionate (about the things you choose to care about)"
2025-11-16 15:31:33.294,Wisconsin,4-6,Hung out 1–1 a decent amount,"Inquisitive, bright, thoughtful, open-minded, listener","['Inquisitive', 'bright', 'thoughtful', 'open-minded', 'listener']","Inquisitive, bright, thoughtful, open-minded, listener"
2025-11-16 15:31:55.878,Wisconsin,4-6,Close friends,"Funny, Energetic, friendly, organized, ","['Funny', 'Energetic', 'friendly', 'organized']","Funny, Energetic, friendly, organized"
2025-11-16 15:34:09.877,Northwestern,4-6,Hung out 1–1 a decent amount,"Creative, optimistic, flexible","['Creative', 'optimistic', 'flexible']","Creative, optimistic, flexible"
2025-11-16 15:35:04.541,Wisconsin,1-3,Close friends,"intellectual, self reflective, motivated to accomplish their goals (idk the word for this) ","['intellectual', 'self reflective', 'motivated to accomplish their goals (idk the word for this)']","intellectual, self reflective, motivated to accomplish their goals (idk the word for this)"
2025-11-16 15:35:47.425,Northwestern,1-3,Hung out 1–1 a decent amount,"Introspective, open minded, friendlt","['Introspective', 'open minded', 'friendlt']","Introspective, open minded, friendlt"
2025-11-16 15:36:08.071,Northwestern,1-3,Close friends,"Outgoing, passionate, caring","['Outgoing', 'passionate', 'caring']","Outgoing, passionate, caring"
2025-11-16 15:43:40.156,Northwestern,4-6,Hung out 1–1 a decent amount,"chill, passionate, entrepreneurial ","['chill', 'passionate', 'entrepreneurial']","chill, passionate, entrepreneurial"
2025-11-16 15:44:28.190,Northwestern,1-3,Close friends,"Chill, homie, type, shit","['Chill', 'homie', 'type', 'shit']","Chill, homie, type, shit"
2025-11-16 15:53:31.952,Northwestern,1-3,Same large friend group / teammates / coworkers,"Creative, easy going, observant, kind","['Creative', 'easy going', 'observant', 'kind']","Creative, easy going, observant, kind"
2025-11-16 15:54:38.252,Abroad,1-3,Hung out 1–1 a decent amount,"Caring, funny, stylish, easy-going","['Caring', 'funny', 'stylish', 'easy-going']","Caring, funny, stylish, easy-going"
2025-11-16 15:56:32.938,Home,7+,Close friends,Performative,['Performative'],Performative
2025-11-16 16:09:32.558,Northwestern,1-3,Close friends,"Kind, funny, generous!","['Kind', 'funny', 'generous']","Kind, funny, generous"
2025-11-16 16:13:27.118,Northwestern,1-3,Unknown,"social, reflective, adventurous","['social', 'reflective', 'adventurous']","social, reflective, adventurous"
2025-11-16 16:23:49.760,Northwestern,1-3,Close friends,"kind, funny, caring","['kind', 'funny', 'caring']","kind, funny, caring"
2025-11-16 16:47:01.941,Wisconsin,1-3,Close friends,"Chill, easy-going, genuine, courageous, creative","['Chill', 'easy-going', 'genuine', 'courageous', 'creative']","Chill, easy-going, genuine, courageous, creative"
2025-11-16 17:04:56.679,Wisconsin,1-3,Close friends,Good emotional intelligence,['Good emotional intelligence'],Good emotional intelligence
2025-11-16 17:26:27.974,Wisconsin,4-6,Close friends,"Loyal, committed, confused, lovable, irritating ","['Loyal', 'committed', 'confused', 'lovable', 'irritating']","Loyal, committed, confused, lovable, irritating"
2025-11-16 17:29:30.314,Northwestern,1-3,Hung out 1–1 a decent amount,"positive, empathetic, decent dude","['positive', 'empathetic', 'decent dude']","positive, empathetic, decent dude"
2025-11-16 18:33:03.846,Wisconsin,4-6,Same large friend group / teammates / coworkers,"Easygoing, funny, intelligent ","['Easygoing', 'funny', 'intelligent']","Easygoing, funny, intelligent"
2025-11-16 22:18:33.870,Wisconsin,4-6,Same large friend group / teammates / coworkers,"layered,mature,calm,smile, vibe","['layered', 'mature', 'calm', 'smile', 'vibe']","layered, mature, calm, smile, vibe"
2025-11-16 22:25:26.158,Wisconsin,1-3,Hung out 1–1 a decent amount,"leaps at opportunity, down to earth","['leaps at opportunity', 'down to earth']","leaps at opportunity, down to earth"
2025-11-17 00:00:27.853,Abroad,1-3,Close friends,"Reliable, personable, easygoing","['Reliable', 'personable', 'easygoing']","Reliable, personable, easygoing"
2025-11-17 03:10:46.665,Northwestern,1-3,Hung out 1–1 a decent amount,"Reflective, outgoing,  expressive","['Reflective', 'outgoing', 'expressive']","Reflective, outgoing, expressive"
2025-11-17 10:36:19.640,Northwestern,1-3,Hung out 1–1 a decent amount,"Forward thinking, energetic, creative ","['Forward thinking', 'energetic', 'creative']","Forward thinking, energetic, creative"
2025-11-17 13:18:44.421,Northwestern,1-3,Close friends,"Supportive, smiley, conversational, ","['Supportive', 'smiley', 'conversational']","Supportive, smiley, conversational"
2025-11-17 14:27:25.268,Northwestern,<1,Same large friend group / teammates / coworkers,"big brother, golden retriever, dependable, self-assured","['big brother', 'golden retriever', 'dependable', 'self-assured']","big brother, golden retriever, dependable, self-assured"
2025-11-17 15:55:59.532,Wisconsin,4-6,Close friends,"Deep, compassionate, loyal, ambitious, intelligent ","['Deep', 'compassionate', 'loyal', 'ambitious', 'intelligent']","Deep, compassionate, loyal, ambitious, intelligent"
2025-11-17 18:20:25.617,Wisconsin,1-3,Hung out 1–1 a decent amount,"Ambitious, approachable, mindful, creative ","['Ambitious', 'approachable', 'mindful', 'creative']","Ambitious, approachable, mindful, creative"
2025-11-17 20:48:06.274,Home,7+,Close friends,"insightful, curious, determined, independent, logical ","['insightful', 'curious', 'determined', 'independent', 'logical']","insightful, curious, determined, independent, logical"
2025-11-17 20:48:23.427,Home,7+,Hung out 1–1 a decent amount,"Positive vibes, laid back, grounded, open, communicative","['Positive vibes', 'laid back', 'grounded', 'open', 'communicative']","Positive vibes, laid back, grounded, open, communicative"
2025-11-17 20:54:20.995,Home,7+,Close friends,"Sincere, trustworthy, intelligent, personable ","['Sincere', 'trustworthy', 'intelligent', 'personable']","Sincere, trustworthy, intelligent, personable"
2025-11-17 21:08:07.454,Home,7+,Hung out 1–1 a decent amount,"Kind, helpful, introspective, musical, creative ","['Kind', 'helpful', 'introspective', 'musical', 'creative']","Kind, helpful, introspective, musical, creative"
2025-11-17 21:12:25.706,Northwestern,1-3,Hung out 1–1 a decent amount,"Hardworking, vibes, artistic","['Hardworking', 'vibes', 'artistic']","Hardworking, vibes, artistic"
2025-11-18 04:12:00.797,Wisconsin,4-6,Close friends,"introspective, passionate, resilient, creative","['introspective', 'passionate', 'resilient', 'creative']","introspective, passionate, resilient, creative"
2025-11-18 10:17:09.990,Northwestern,1-3,Acquaintances,"Kind, funny, smart, considerate ","['Kind', 'funny', 'smart', 'considerate']","Kind, funny, smart, considerate"
2025-11-18 10:46:48.895,Home,7+,Hung out 1–1 a decent amount,"passionate, driven, chill, chaotic","['passionate', 'driven', 'chill', 'chaotic']","passionate, driven, chill, chaotic"
2025-11-18 15:50:12.564,Northwestern,1-3,Same large friend group / teammates / coworkers,"Chill, Friendly, Vibe","['Chill', 'Friendly', 'Vibe']","Chill, Friendly, Vibe"
2025-11-22 10:53:10.759,Wisconsin,1-3,Same large friend group / teammates / coworkers,"Welcoming/warm, conversationalist, deep","['Welcoming/warm', 'conversationalist', 'deep']","Welcoming/warm, conversationalist, deep"
2025-11-23 11:51:09.080,Wisconsin,4-6,Close friends,"Curious, OpenMinded, Hopeful","['Curious', 'OpenMinded', 'Hopeful']","Curious, OpenMinded, Hopeful"
2025-11-24 15:45:31.509,Northwestern,4-6,Close friends,"sonder, introspective, a precarious balance between overthinking and giving too little fucks, a selfless and true friend. ","['sonder', 'introspective', 'a precarious balance between overthinking and giving too little fucks', 'a selfless and true friend']","sonder, introspective, a precarious balance between overthinking and giving too little fucks, a selfless and true friend"
2025-12-18 17:37:56.379,Wisconsin,1-3,Same large friend group / teammates / coworkers,"Artsy, down-to-earth, engaging ","['Artsy', 'down-to-earth', 'engaging']","Artsy, down-to-earth, engaging"
2025-12-18 18:08:23.280,Wisconsin,4-6,Close friends,"Loyal, introspective, enthusiastic ","['Loyal', 'introspective', 'enthusiastic']","Loyal, introspective, enthusiastic"
2025-12-18 23:09:35.047,Wisconsin,4-6,Hung out 1–1 a decent amount,"Passionate, talented, caring","['Passionate', 'talented', 'caring']","Passionate, talented, caring"
2026-01-04 18:49:24.837,Home,7+,Close friends,"Ambitious, self-reflective, busybody, musician ","['Ambitious', 'self-reflective', 'busybody', 'musician']","Ambitious, self-reflective, busybody, musician"
