timestamp,context,years_bucket,relationship,traits_raw,traits_list,traits_text,num_traits,num_words,low_confidence,spontaneity_raw,spontaneity_z,spontaneity_sim_left,spontaneity_sim_right,risk_raw,risk_z,risk_sim_left,risk_sim_right,ambition_raw,ambition_z,ambition_sim_left,ambition_sim_right,creativity_raw,creativity_z,creativity_sim_left,creativity_sim_right,reliability_raw,reliability_z,reliability_sim_left,reliability_sim_right
2025-11-16 13:44:48.618,Home,7+,Close friends,"Outgoing, spontaneous, adventurous","['Outgoing', 'spontaneous', 'adventurous']","Outgoing, spontaneous, adventurous",3,3,False,0.23302643,2.737705,0.20279829,0.43582472,0.19840074,2.6370761,0.18574229,0.38414302,-0.021800697,-0.23974058,0.32270026,0.30089957,0.0553198,-0.7951019,0.24257128,0.29789108,0.018671378,-0.88134235,0.2406464,0.2593178
2025-11-16 13:46:40.510,Northwestern,1-3,Close friends,"Wise, Performative, Perceptive, Disciplined, Naturally talented, crash out","['Wise', 'Performative', 'Perceptive', 'Disciplined', 'Naturally talented', 'crash out']","Wise, Performative, Perceptive, Disciplined, Naturally talented, crash out",6,8,False,0.049012437,-1.1428721,0.19658114,0.24559358,0.10184926,0.1533806,0.1406335,0.24248275,0.07074979,1.0943177,0.25805846,0.32880825,0.12553373,0.35189864,0.15276301,0.27829674,0.05782765,0.18337864,0.19793975,0.2557674
2025-11-16 14:02:20.597,Home,1-3,Close friends,"Open-minded, realist, opinionated","['Open-minded', 'realist', 'opinionated']","Open-minded, realist, opinionated",3,3,False,0.045864865,-1.2092496,0.18370707,0.22957194,0.02875869,-1.7268052,0.20557164,0.23433033,-0.013209656,-0.11590603,0.23968558,0.22647592,0.08858737,-0.25164953,0.17798948,0.26657686,0.0072291344,-1.1924751,0.23488384,0.24211298
2025-11-16 14:18:42.846,Home,7+,Same large friend group / teammates / coworkers,"Irrepressible, upbeat, active, focused","['Irrepressible', 'upbeat', 'active', 'focused']","Irrepressible, upbeat, active, focused",4,4,False,0.059968546,-0.9118243,0.23060726,0.2905758,0.059779137,-0.9288335,0.14176407,0.20154321,-0.05711013,-0.7487043,0.3146584,0.25754827,0.019574583,-1.3790284,0.20309632,0.2226709,-0.014423475,-1.7812437,0.20745873,0.19303526
2025-11-16 14:40:26.026,Home,7+,Close friends,"Sexy beast, music, does things","['Sexy beast', 'music', 'does things']","Sexy beast, music, does things",3,5,False,0.0661287,-0.7819159,0.15958095,0.22570965,0.08938846,-0.16716166,0.113738865,0.20312732,-0.021213576,-0.2312776,0.21942446,0.19821088,0.07372661,-0.49441198,0.13960016,0.21332677,0.027984753,-0.62809694,0.19818012,0.22616488
2025-11-16 15:09:30.992,Home,7+,Close friends,"Loyal, thinker, intelligent","['Loyal', 'thinker', 'intelligent']","Loyal, thinker, intelligent",3,3,False,0.08180301,-0.45136842,0.13369901,0.21550202,0.07871191,-0.44180578,0.17007965,0.24879156,-0.016687512,-0.16603719,0.23774052,0.221053,0.11116555,0.11718303,0.1114876,0.22265315,0.092045516,1.1138165,0.21880937,0.31085488
2025-11-16 15:13:02.105,Wisconsin,1-3,Close friends,"Hardworking, creative, intelligent, kind","['Hardworking', 'creative', 'intelligent', 'kind']","Hardworking, creative, intelligent, kind",4,4,False,0.09480174,-0.17724483,0.18663733,0.28143907,0.12916788,0.8561265,0.1441969,0.27336478,0.09143913,1.3925416,0.2725621,0.3640012,0.19735971,1.5252333,0.1178085,0.3151682,0.091179445,1.0902667,0.18716772,0.27834716
2025-11-16 15:22:43.138,Wisconsin,4-6,Close friends,"Intelligent, creative, supportive ","['Intelligent', 'creative', 'supportive']","Intelligent, creative, supportive",3,3,False,0.07548554,-0.58459425,0.2209252,0.29641074,0.10732408,0.2942152,0.18546538,0.29278946,0.0030821562,0.11893039,0.30256182,0.30564398,0.20731448,1.6878524,0.15372185,0.36103633,0.10089284,1.3543893,0.24482661,0.34571946
2025-11-16 15:23:45.796,Northwestern,1-3,Same large friend group / teammates / coworkers,"creative, fun, stylish","['creative', 'fun', 'stylish']","creative, fun, stylish",3,3,False,0.14648834,0.9127475,0.21496949,0.36145782,0.13367406,0.97204345,0.17626032,0.30993438,-0.0064891577,-0.019034192,0.261094,0.25460485,0.19181392,1.4346384,0.24188882,0.43370274,0.02160044,-0.80169654,0.23485367,0.2564541
2025-11-16 15:25:55.273,Northwestern,1-3,Hung out 1–1 a decent amount,"Resilient, emotionally mature, passionate (about the things you choose to care about)","['Resilient', 'emotionally mature', 'passionate (about the things you choose to care about)']","Resilient, emotionally mature, passionate (about the things you choose to care about)",3,12,False,0.13529344,0.676664,0.10521509,0.24050853,0.11964804,0.6112374,0.13442427,0.2540723,-0.039566442,-0.49582285,0.264957,0.22539057,0.11568969,0.19108836,0.07830874,0.19399843,0.09178172,1.1066434,0.14950217,0.2412839
2025-11-16 15:31:33.294,Wisconsin,4-6,Hung out 1–1 a decent amount,"Inquisitive, bright, thoughtful, open-minded, listener","['Inquisitive', 'bright', 'thoughtful', 'open-minded', 'listener']","Inquisitive, bright, thoughtful, open-minded, listener",5,5,False,0.11810039,0.31408855,0.15541907,0.27351946,0.07709186,-0.48348013,0.17230614,0.249398,-0.083599865,-1.1305374,0.3052679,0.22166803,0.14280654,0.63406384,0.1554914,0.29829794,0.028618202,-0.6108725,0.22309317,0.25171137
2025-11-16 15:31:55.878,Wisconsin,4-6,Close friends,"Funny, Energetic, friendly, organized, ","['Funny', 'Energetic', 'friendly', 'organized']","Funny, Energetic, friendly, organized",4,4,False,0.08794075,-0.32193267,0.27177578,0.35971653,0.107731104,0.30468553,0.16753283,0.27526394,-0.0074596703,-0.033023532,0.2843453,0.27688563,0.090835646,-0.21492222,0.19190092,0.28273657,0.016296536,-0.9459181,0.25266773,0.26896426
2025-11-16 15:34:09.877,Northwestern,4-6,Hung out 1–1 a decent amount,"Creative, optimistic, flexible","['Creative', 'optimistic', 'flexible']","Creative, optimistic, flexible",3,3,False,0.11786389,0.3091012,0.29265514,0.41051903,0.10866812,0.32878935,0.24569502,0.35436314,0.10668558,1.6123099,0.27799627,0.38468185,0.19241278,1.4444212,0.209523,0.4019358,0.046521932,-0.12404176,0.28048757,0.3270095
2025-11-16 15:35:04.541,Wisconsin,1-3,Close friends,"intellectual, self reflective, motivated to accomplish their goals (idk the word for this) ","['intellectual', 'self reflective', 'motivated to accomplish their goals (idk the word for this)']","intellectual, self reflective, motivated to accomplish their goals (idk the word for this)",3,13,False,0.08883272,-0.3031224,0.16843249,0.2572652,0.11859797,0.58422536,0.13782082,0.2564188,0.1889301,2.797814,0.22885385,0.41778395,0.19626582,1.5073637,0.100325525,0.29659134,0.08262449,0.85764384,0.12012508,0.20274957
2025-11-16 15:35:47.425,Northwestern,1-3,Hung out 1–1 a decent amount,"Introspective, open minded, friendlt","['Introspective', 'open minded', 'friendlt']","Introspective, open minded, friendlt",3,4,False,0.11508866,0.25057563,0.1688555,0.28394416,0.062787056,-0.85145766,0.18223128,0.24501833,-0.03910567,-0.48918107,0.2813814,0.24227573,0.06619163,-0.61750185,0.18462713,0.25081876,0.004958138,-1.254227,0.20573843,0.21069656
2025-11-16 15:36:08.071,Northwestern,1-3,Close friends,"Outgoing, passionate, caring","['Outgoing', 'passionate', 'caring']","Outgoing, passionate, caring",3,3,False,0.099537775,-0.07736898,0.15499534,0.2545331,0.112125844,0.41773605,0.1371148,0.24924064,-0.047289073,-0.6071398,0.2909121,0.24362302,0.0686035,-0.57810205,0.1281284,0.1967319,0.06925857,0.49420342,0.17997138,0.24922995
2025-11-16 15:43:40.156,Northwestern,4-6,Hung out 1–1 a decent amount,"chill, passionate, entrepreneurial ","['chill', 'passionate', 'entrepreneurial']","chill, passionate, entrepreneurial",3,3,False,0.124833554,0.45608082,0.16407779,0.28891134,0.13131359,0.9113228,0.16475135,0.29606494,0.041277707,0.6694957,0.2904551,0.3317328,0.15243281,0.7913166,0.1380706,0.2905034,0.05556062,0.121734425,0.17136188,0.2269225
2025-11-16 15:44:28.190,Northwestern,1-3,Close friends,"Chill, homie, type, shit","['Chill', 'homie', 'type', 'shit']","Chill, homie, type, shit",4,4,False,0.012105703,-1.9211794,0.121575594,0.1336813,0.020746142,-1.9329205,0.12370783,0.14445397,-0.07205051,-0.9640606,0.191612,0.11956149,0.0010170639,-1.6821804,0.10244188,0.10345894,0.001466319,-1.3491751,0.16332045,0.16478677
2025-11-16 15:53:31.952,Northwestern,1-3,Same large friend group / teammates / coworkers,"Creative, easy going, observant, kind","['Creative', 'easy going', 'observant', 'kind']","Creative, easy going, observant, kind",4,5,False,0.1608571,1.215763,0.22737236,0.38822946,0.13103867,0.90425056,0.22169822,0.3527369,0.07139227,1.1035786,0.27909398,0.35048625,0.17632388,1.1815962,0.21932073,0.3956446,0.060110897,0.24546368,0.20287031,0.2629812
2025-11-16 15:54:38.252,Abroad,1-3,Hung out 1–1 a decent amount,"Caring, funny, stylish, easy-going","['Caring', 'funny', 'stylish', 'easy-going']","Caring, funny, stylish, easy-going",4,4,False,0.1345413,0.6608026,0.13442585,0.26896715,0.10900831,0.3375405,0.12633744,0.23534575,-0.067675054,-0.9009911,0.27459648,0.20692143,0.087791696,-0.26464757,0.12747575,0.21526745,0.06987378,0.5109319,0.18112552,0.2509993
2025-11-16 15:56:32.938,Home,7+,Close friends,Performative,['Performative'],Performative,1,1,True,-0.080447674,-3.8729901,0.35457987,0.2741322,0.018807292,-1.9827955,0.22528186,0.24408916,0.088330865,1.347738,0.26426843,0.3525993,0.013369799,-1.4803886,0.2928882,0.306258,0.021089256,-0.81559646,0.24140102,0.26249027
2025-11-16 16:09:32.558,Northwestern,1-3,Close friends,"Kind, funny, generous!","['Kind', 'funny', 'generous']","Kind, funny, generous",3,3,False,0.12045495,0.3637427,0.15768023,0.27813518,0.041503266,-1.3989631,0.19502512,0.23652838,-0.05523874,-0.72172934,0.22549236,0.17025362,0.058588818,-0.7416999,0.17463744,0.23322625,0.036847726,-0.38709873,0.224054,0.26090172
2025-11-16 16:13:27.118,Northwestern,1-3,Unknown,"social, reflective, adventurous","['social', 'reflective', 'adventurous']","social, reflective, adventurous",3,3,False,0.18162976,1.6538271,0.21913646,0.40076622,0.175529,2.0487225,0.2071782,0.3827072,0.08955476,1.3653797,0.27938157,0.36893633,0.09533404,-0.1414374,0.23528935,0.3306234,0.049374253,-0.04648265,0.18011297,0.22948723
2025-11-16 16:23:49.760,Northwestern,1-3,Close friends,"kind, funny, caring","['kind', 'funny', 'caring']","kind, funny, caring",3,3,False,0.097232044,-0.12599337,0.16008809,0.25732014,0.04987368,-1.183642,0.1679309,0.21780458,-0.10443492,-1.430862,0.24847576,0.14404084,0.07732721,-0.43559334,0.14498456,0.22231176,0.05433716,0.08846662,0.20974924,0.2640864
2025-11-16 16:47:01.941,Wisconsin,1-3,Close friends,"Chill, easy-going, genuine, courageous, creative","['Chill', 'easy-going', 'genuine', 'courageous', 'creative']","Chill, easy-going, genuine, courageous, creative",5,5,False,0.16687398,1.3426498,0.17101495,0.33788893,0.15218529,1.4482275,0.16234162,0.31452692,-0.026438683,-0.3065943,0.3149109,0.2884722,0.14865832,0.7296573,0.14682828,0.2954866,0.06689595,0.42995992,0.18076557,0.24766152
2025-11-16 17:04:56.679,Wisconsin,1-3,Close friends,Good emotional intelligence,['Good emotional intelligence'],Good emotional intelligence,1,3,True,0.09730697,-0.124413356,0.13502511,0.23233208,0.09164083,-0.10922156,0.16686398,0.2585048,0.014844596,0.2884787,0.24441347,0.25925806,0.13510671,0.50828093,0.11819535,0.25330207,0.068136126,0.46368235,0.19539094,0.26352707
2025-11-16 17:26:27.974,Wisconsin,4-6,Close friends,"Loyal, committed, confused, lovable, irritating ","['Loyal', 'committed', 'confused', 'lovable', 'irritating']","Loyal, committed, confused, lovable, irritating",5,5,False,0.14159995,0.8096589,0.1582334,0.29983336,0.12113695,0.6495382,0.1485178,0.26965475,-0.069325075,-0.9247751,0.29077578,0.2214507,0.057283834,-0.76301783,0.15725902,0.21454285,0.04501754,-0.16494854,0.25022283,0.29524037
2025-11-16 17:29:30.314,Northwestern,1-3,Hung out 1–1 a decent amount,"positive, empathetic, decent dude","['positive', 'empathetic', 'decent dude']","positive, empathetic, decent dude",3,4,False,0.06939542,-0.7130257,0.123057246,0.19245267,0.058291733,-0.96709555,0.15052047,0.2088122,-0.06274612,-0.82994366,0.27856892,0.2158228,0.0594578,-0.7275043,0.09939971,0.15885751,0.1188599,1.8429421,0.16873331,0.28759322
2025-11-16 18:33:03.846,Wisconsin,4-6,Same large friend group / teammates / coworkers,"Easygoing, funny, intelligent ","['Easygoing', 'funny', 'intelligent']","Easygoing, funny, intelligent",3,3,False,0.15164293,1.0214502,0.13158835,0.2832313,0.099885255,0.102858484,0.15045857,0.25034383,-0.09925562,-1.3562055,0.31385547,0.21459985,0.0664362,-0.6135066,0.12999915,0.19643535,0.021900535,-0.7935365,0.22303009,0.24493062
2025-11-16 22:18:33.870,Wisconsin,4-6,Same large friend group / teammates / coworkers,"layered,mature,calm,smile, vibe","['layered', 'mature', 'calm', 'smile', 'vibe']","layered, mature, calm, smile, vibe",5,5,False,0.09742649,-0.12189282,0.156397,0.2538235,0.11588531,0.51444477,0.11878043,0.23466574,-0.09992291,-1.3658241,0.2890311,0.18910818,0.075110555,-0.4718041,0.1556085,0.23071906,0.08590141,0.9467485,0.1594079,0.24530931
2025-11-16 22:25:26.158,Wisconsin,1-3,Hung out 1–1 a decent amount,"leaps at opportunity, down to earth","['leaps at opportunity', 'down to earth']","leaps at opportunity, down to earth",2,6,False,0.15246044,1.0386901,0.14201115,0.2944716,0.06727582,-0.7359884,0.15485364,0.22212946,0.07564442,1.1648707,0.21064146,0.28628588,0.078561634,-0.41542798,0.14290209,0.22146372,-0.04488959,-2.6096659,0.1547818,0.10989221
2025-11-17 00:00:27.853,Abroad,1-3,Close friends,"Reliable, personable, easygoing","['Reliable', 'personable', 'easygoing']","Reliable, personable, easygoing",3,3,False,0.08638163,-0.35481223,0.20061032,0.28699195,0.09431982,-0.040307067,0.17992622,0.27424604,-0.040934056,-0.5155361,0.3354048,0.29447076,0.038048416,-1.0772437,0.16499984,0.20304826,0.104102224,1.4416574,0.26762596,0.37172818
2025-11-17 03:10:46.665,Northwestern,1-3,Hung out 1–1 a decent amount,"Reflective, outgoing,  expressive","['Reflective', 'outgoing', 'expressive']","Reflective, outgoing, expressive",3,3,False,0.056903303,-0.97646564,0.26355842,0.32046172,0.08059558,-0.39335012,0.17966917,0.26026475,0.0016463995,0.09823485,0.30601493,0.30766132,0.061050326,-0.70148915,0.23304641,0.29409674,0.06540385,0.38938743,0.23374331,0.29914716
2025-11-17 10:36:19.640,Northwestern,1-3,Hung out 1–1 a decent amount,"Forward thinking, energetic, creative ","['Forward thinking', 'energetic', 'creative']","Forward thinking, energetic, creative",3,4,False,0.14201684,0.81845045,0.23791702,0.37993386,0.11832607,0.577231,0.19974524,0.3180713,0.119948804,1.8034911,0.26914367,0.38909248,0.17479347,1.1565957,0.22635318,0.40114665,0.0032818764,-1.2998073,0.20080304,0.20408492
2025-11-17 13:18:44.421,Northwestern,1-3,Close friends,"Supportive, smiley, conversational, ","['Supportive', 'smiley', 'conversational']","Supportive, smiley, conversational",3,3,False,0.05718784,-0.9704652,0.16843626,0.2256241,0.0653352,-0.78590906,0.14222631,0.20756151,-0.10908987,-1.4979601,0.28849125,0.17940138,0.036070585,-1.1095531,0.14663383,0.18270442,0.08340989,0.8790002,0.18506472,0.2684746
2025-11-17 14:27:25.268,Northwestern,<1,Same large friend group / teammates / coworkers,"big brother, golden retriever, dependable, self-assured","['big brother', 'golden retriever', 'dependable', 'self-assured']","big brother, golden retriever, dependable, self-assured",4,6,False,0.05812359,-0.95073164,0.1449723,0.20309588,0.0650135,-0.7941845,0.15773831,0.22275181,0.00019593537,0.0773273,0.19513874,0.19533467,0.076302595,-0.4523312,0.10697993,0.18328252,0.12894516,2.1171763,0.17714606,0.30609122
2025-11-17 15:55:59.532,Wisconsin,4-6,Close friends,"Deep, compassionate, loyal, ambitious, intelligent ","['Deep', 'compassionate', 'loyal', 'ambitious', 'intelligent']","Deep, compassionate, loyal, ambitious, intelligent",5,5,False,0.08496547,-0.38467693,0.12569049,0.21065596,0.09594804,0.0015773547,0.13774724,0.23369528,-0.019124672,-0.20116733,0.24676085,0.22763617,0.12305093,0.3113401,0.07445848,0.19750941,0.06994252,0.51280105,0.17510702,0.24504954
2025-11-17 18:20:25.617,Wisconsin,1-3,Hung out 1–1 a decent amount,"Ambitious, approachable, mindful, creative ","['Ambitious', 'approachable', 'mindful', 'creative']","Ambitious, approachable, mindful, creative",4,4,False,0.118584156,0.32429045,0.23562494,0.3542091,0.15453827,1.5087558,0.17371717,0.32825544,0.121411175,1.8245703,0.29445666,0.41586784,0.2169787,1.8457252,0.17683166,0.39381036,0.033373043,-0.48158085,0.21720581,0.25057885
2025-11-17 20:48:06.274,Home,7+,Close friends,"insightful, curious, determined, independent, logical ","['insightful', 'curious', 'determined', 'independent', 'logical']","insightful, curious, determined, independent, logical",5,5,False,0.12270562,0.41120598,0.23158832,0.35429394,0.082207635,-0.3518816,0.22437994,0.30658758,-0.0045057833,0.009554926,0.3046008,0.30009502,0.14619912,0.6894843,0.19756894,0.34376806,0.03300363,-0.49162582,0.28085813,0.31386176
2025-11-17 20:48:23.427,Home,7+,Hung out 1–1 a decent amount,"Positive vibes, laid back, grounded, open, communicative","['Positive vibes', 'laid back', 'grounded', 'open', 'communicative']","Positive vibes, laid back, grounded, open, communicative",5,7,False,0.06335077,-0.8404983,0.18220451,0.24555528,0.062394664,-0.8615516,0.14312181,0.20551647,-0.069425285,-0.9262196,0.29976216,0.23033687,0.019287452,-1.383719,0.19587028,0.21515773,0.09425278,1.1738355,0.14229405,0.23654683
2025-11-17 20:54:20.995,Home,7+,Close friends,"Sincere, trustworthy, intelligent, personable ","['Sincere', 'trustworthy', 'intelligent', 'personable']","Sincere, trustworthy, intelligent, personable",4,4,False,0.062714875,-0.85390836,0.11807667,0.18079154,0.06873801,-0.69837487,0.13790825,0.20664626,-0.04259178,-0.5394312,0.23551604,0.19292426,0.104654856,0.0108256005,0.09104117,0.19569603,0.10375236,1.432144,0.17951326,0.28326562
2025-11-17 21:08:07.454,Home,7+,Hung out 1–1 a decent amount,"Kind, helpful, introspective, musical, creative ","['Kind', 'helpful', 'introspective', 'musical', 'creative']","Kind, helpful, introspective, musical, creative",5,5,False,0.12095402,0.37426734,0.15541999,0.276374,0.090989515,-0.12597603,0.1291186,0.22010812,-0.030289099,-0.36209565,0.24914518,0.21885608,0.12954812,0.41747686,0.18135332,0.31090143,0.060716063,0.2619191,0.14767922,0.20839529
2025-11-17 21:12:25.706,Northwestern,1-3,Hung out 1–1 a decent amount,"Hardworking, vibes, artistic","['Hardworking', 'vibes', 'artistic']","Hardworking, vibes, artistic",3,3,False,0.098561555,-0.09795598,0.2135677,0.31212926,0.12358643,0.71254885,0.1385016,0.26208803,0.08695611,1.3279219,0.29465935,0.38161546,0.18766369,1.3668411,0.17740522,0.3650689,0.06851974,0.47411346,0.18091507,0.24943481
2025-11-18 04:12:00.797,Wisconsin,4-6,Close friends,"introspective, passionate, resilient, creative","['introspective', 'passionate', 'resilient', 'creative']","introspective, passionate, resilient, creative",4,4,False,0.16608177,1.3259435,0.17744084,0.3435226,0.15246212,1.4553487,0.18837205,0.34083417,0.032401025,0.5415438,0.31846008,0.3508611,0.21515533,1.815939,0.16226703,0.37742236,0.06827985,0.46759036,0.18891443,0.25719428
2025-11-18 10:17:09.990,Northwestern,1-3,Acquaintances,"Kind, funny, smart, considerate ","['Kind', 'funny', 'smart', 'considerate']","Kind, funny, smart, considerate",4,4,False,0.079210415,-0.5060423,0.16073044,0.23994085,0.031870663,-1.6467526,0.18722601,0.21909668,-0.071092665,-0.95025384,0.23957314,0.16848047,0.06431481,-0.6481612,0.17122765,0.23554246,0.041064188,-0.27244645,0.22586744,0.26693162
2025-11-18 10:46:48.895,Home,7+,Hung out 1–1 a decent amount,"passionate, driven, chill, chaotic","['passionate', 'driven', 'chill', 'chaotic']","passionate, driven, chill, chaotic",4,4,False,0.16600113,1.3242427,0.22167249,0.38767362,0.15706003,1.5736254,0.15914369,0.3162037,0.02047515,0.36963966,0.28595382,0.30642897,0.066501126,-0.612446,0.22821955,0.29472068,0.00094020367,-1.363481,0.23602551,0.23696572
2025-11-18 15:50:12.564,Northwestern,1-3,Same large friend group / teammates / coworkers,"Chill, Friendly, Vibe","['Chill', 'Friendly', 'Vibe']","Chill, Friendly, Vibe",3,3,False,0.12297229,0.4168295,0.11610427,0.23907655,0.06648506,-0.75632995,0.14224002,0.20872508,-0.12517545,-1.7298238,0.25120088,0.12602544,0.04190752,-1.0142021,0.1418903,0.18379782,0.057001084,0.16090296,0.16063814,0.21763922
2025-11-22 10:53:10.759,Wisconsin,1-3,Same large friend group / teammates / coworkers,"Welcoming/warm, conversationalist, deep","['Welcoming/warm', 'conversationalist', 'deep']","Welcoming/warm, conversationalist, deep",3,3,False,0.06959384,-0.7088414,0.11630849,0.18590233,0.05305642,-1.1017691,0.13687293,0.18992935,-0.0881591,-1.1962559,0.23958609,0.15142699,-0.024301082,-2.0957725,0.15492477,0.13062368,0.021211043,-0.8122849,0.124860495,0.14607154
2025-11-23 11:51:09.080,Wisconsin,4-6,Close friends,"Curious, OpenMinded, Hopeful","['Curious', 'OpenMinded', 'Hopeful']","Curious, OpenMinded, Hopeful",3,3,False,0.118086174,0.31378874,0.18135886,0.29944503,0.08231938,-0.3490071,0.2239117,0.30623108,0.031638592,0.5305538,0.23656633,0.26820493,0.1654536,1.0040215,0.1545117,0.3199653,-0.00067579746,-1.4074227,0.2246039,0.22392811
2025-11-24 15:45:31.509,Northwestern,4-6,Close friends,"sonder, introspective, a precarious balance between overthinking and giving too little fucks, a selfless and true friend. ","['sonder', 'introspective', 'a precarious balance between overthinking and giving too little fucks', 'a selfless and true friend']","sonder, introspective, a precarious balance between overthinking and giving too little fucks, a selfless and true friend",4,17,False,0.11572208,0.26393363,0.08723488,0.20295696,0.04694912,-1.2588736,0.13662732,0.18357643,-0.05641277,-0.7386523,0.22773585,0.17132308,0.018222436,-1.4011168,0.12711161,0.14533405,0.061025426,0.27033117,0.13189852,0.19292395
2025-12-18 17:37:56.379,Wisconsin,1-3,Same large friend group / teammates / coworkers,"Artsy, down-to-earth, engaging ","['Artsy', 'down-to-earth', 'engaging']","Artsy, down-to-earth, engaging",3,3,False,0.12965122,0.5576781,0.20267162,0.33232284,0.11637384,0.5270117,0.15678471,0.27315855,-0.0006096661,0.06571505,0.28814915,0.28753948,0.127183,0.37884086,0.20942946,0.33661246,0.0024751425,-1.3217436,0.18806416,0.1905393
2025-12-18 18:08:23.280,Wisconsin,4-6,Close friends,"Loyal, introspective, enthusiastic ","['Loyal', 'introspective', 'enthusiastic']","Loyal, introspective, enthusiastic",3,3,False,0.12246141,0.40605584,0.18722168,0.30968308,0.11627862,0.5245623,0.20064873,0.31692734,-0.002087772,0.04440907,0.3236983,0.32161054,0.07299414,-0.5063774,0.18063807,0.25363222,0.09561437,1.2108594,0.21062475,0.30623913
2025-12-18 23:09:35.047,Wisconsin,4-6,Hung out 1–1 a decent amount,"Passionate, talented, caring","['Passionate', 'talented', 'caring']","Passionate, talented, caring",3,3,False,0.09591113,-0.15384944,0.16452442,0.26043555,0.11564404,0.50823826,0.16869172,0.28433576,0.046393752,0.74324036,0.28526738,0.33166113,0.19474417,1.4825064,0.123069644,0.3178138,0.084707394,0.91428137,0.16717874,0.25188613
2026-01-04 18:49:24.837,Home,7+,Close friends,"Ambitious, self-reflective, busybody, musician ","['Ambitious', 'self-reflective', 'busybody', 'musician']","Ambitious, self-reflective, busybody, musician",4,4,False,0.07186264,-0.66099584,0.19477776,0.2666404,0.119566165,0.6091313,0.11194528,0.23151144,0.088011235,1.3431307,0.28683227,0.3748435,0.13375196,0.48614997,0.118678205,0.25243017,0.024624899,-0.71945673,0.16551602,0.19014092
